{"Type":{"0":"Normal Vehicle","1":"Normal Vehicle","2":"Ambulance","3":"Police","4":"Normal Vehicle","5":"Normal Vehicle","6":"Ambulance","7":"Police","8":"Normal Vehicle","9":"Normal Vehicle","10":"Ambulance","11":"Police","12":"Normal Vehicle","13":"Normal Vehicle","14":"Ambulance","15":"Police","16":"Normal Vehicle","17":"Normal Vehicle","18":"Ambulance","19":"Police","20":"Normal Vehicle","21":"Normal Vehicle","22":"Ambulance","23":"Police","24":"Normal Vehicle","25":"Normal Vehicle","26":"Ambulance","27":"Police","28":"Normal Vehicle","29":"Normal Vehicle","30":"Ambulance","31":"Police","32":"Normal Vehicle","33":"Normal Vehicle","34":"Ambulance","35":"Police","36":"Normal Vehicle","37":"Normal Vehicle","38":"Ambulance","39":"Police","40":"Normal Vehicle","41":"Normal Vehicle","42":"Ambulance","43":"Police","44":"Normal Vehicle","45":"Normal Vehicle","46":"Ambulance","47":"Police","48":"Normal Vehicle","49":"Normal Vehicle","50":"Ambulance","51":"Police","52":"Normal Vehicle","53":"Normal Vehicle","54":"Ambulance","55":"Police","56":"Normal Vehicle","57":"Normal Vehicle","58":"Ambulance","59":"Police","60":"Normal Vehicle","61":"Normal Vehicle","62":"Ambulance","63":"Police","64":"Normal Vehicle","65":"Normal Vehicle","66":"Ambulance","67":"Police","68":"Normal Vehicle","69":"Normal Vehicle","70":"Ambulance","71":"Police","72":"Normal Vehicle","73":"Normal Vehicle","74":"Ambulance","75":"Police","76":"Normal Vehicle","77":"Normal Vehicle","78":"Ambulance","79":"Police","80":"Normal Vehicle","81":"Normal Vehicle","82":"Ambulance","83":"Police","84":"Normal Vehicle","85":"Normal Vehicle","86":"Ambulance","87":"Police","88":"Normal Vehicle","89":"Normal Vehicle","90":"Ambulance","91":"Police","92":"Normal Vehicle","93":"Normal Vehicle","94":"Ambulance","95":"Police"},"Traffic Light":{"0":"Red","1":"Yellow","2":"Red","3":"Red","4":"Green","5":"Green","6":"Yellow","7":"Yellow","8":"Red","9":"Yellow","10":"Green","11":"Green","12":"Red","13":"Yellow","14":"Red","15":"Red","16":"Green","17":"Green","18":"Yellow","19":"Yellow","20":"Red","21":"Yellow","22":"Green","23":"Green","24":"Red","25":"Yellow","26":"Red","27":"Red","28":"Green","29":"Green","30":"Yellow","31":"Yellow","32":"Red","33":"Yellow","34":"Green","35":"Green","36":"Red","37":"Yellow","38":"Red","39":"Red","40":"Green","41":"Green","42":"Yellow","43":"Yellow","44":"Red","45":"Yellow","46":"Green","47":"Green","48":"Red","49":"Yellow","50":"Red","51":"Red","52":"Green","53":"Green","54":"Yellow","55":"Yellow","56":"Red","57":"Yellow","58":"Green","59":"Green","60":"Red","61":"Yellow","62":"Red","63":"Red","64":"Green","65":"Green","66":"Yellow","67":"Yellow","68":"Red","69":"Yellow","70":"Green","71":"Green","72":"Red","73":"Yellow","74":"Red","75":"Red","76":"Green","77":"Green","78":"Yellow","79":"Yellow","80":"Red","81":"Yellow","82":"Green","83":"Green","84":"Red","85":"Yellow","86":"Red","87":"Red","88":"Green","89":"Green","90":"Yellow","91":"Yellow","92":"Red","93":"Yellow","94":"Green","95":"Green"},"Pass":{"0":"No","1":"No","2":"Yes","3":"Yes","4":"Yes","5":"Yes","6":"Yes","7":"Yes","8":"No","9":"No","10":"Yes","11":"Yes","12":"No","13":"No","14":"Yes","15":"Yes","16":"Yes","17":"Yes","18":"Yes","19":"Yes","20":"No","21":"No","22":"Yes","23":"Yes","24":"No","25":"No","26":"Yes","27":"Yes","28":"Yes","29":"Yes","30":"Yes","31":"Yes","32":"No","33":"No","34":"Yes","35":"Yes","36":"No","37":"No","38":"Yes","39":"Yes","40":"Yes","41":"Yes","42":"Yes","43":"Yes","44":"No","45":"No","46":"Yes","47":"Yes","48":"No","49":"No","50":"Yes","51":"Yes","52":"Yes","53":"Yes","54":"Yes","55":"Yes","56":"No","57":"No","58":"Yes","59":"Yes","60":"No","61":"No","62":"Yes","63":"Yes","64":"Yes","65":"Yes","66":"Yes","67":"Yes","68":"No","69":"No","70":"Yes","71":"Yes","72":"No","73":"No","74":"Yes","75":"Yes","76":"Yes","77":"Yes","78":"Yes","79":"Yes","80":"No","81":"No","82":"Yes","83":"Yes","84":"No","85":"No","86":"Yes","87":"Yes","88":"Yes","89":"Yes","90":"Yes","91":"Yes","92":"No","93":"No","94":"Yes","95":"Yes"}}